model_name,layer_name,forward_lin_pred,forward_best_alpha,backward_lin_pred,backward_best_alpha,RSA_pearson,RSA_spearman,RSA_kendall
vgg16_xavier_n_seed2,features.23,0.16751419730084222,1000.0,0.6746649532970628,1e-08,0.13338988931426812,0.13851503437612148,0.0927135547897071
vgg16_xavier_n_seed2,features.30,0.16623175163352083,1000.0,0.6194714666643387,1e-08,0.16148350482589363,0.16480254220476542,0.11041943899659332
vgg16_xavier_n_seed2,classifier.0,0.173600805576376,10000.0,0.4633049141012565,1000.0,0.13012947988129206,0.12331531018434072,0.08254134288603228
vgg16_xavier_n_seed2,classifier.3,0.0658047074017222,100000.0,0.05527277826633566,1000000.0,0.07087452282052728,0.06195415516814968,0.04132623090538923
